,AAPL,MSI,SBUX
0,67.8542,60.3,28.185
1,68.5614,60.9,28.07
2,66.8428,60.83,28.13
3,66.7156,60.81,27.915
4,66.6556,61.12,27.775
5,65.7371,61.43,27.17
6,65.7128,62.03,27.225
7,64.1214,61.26,26.655
8,63.7228,60.88,26.675
9,64.4014,61.9,27.085
10,63.2571,60.28,26.605
11,64.1385,60.63,26.64
12,63.5099,62.09,27.285
13,63.0571,62.21,27.425
14,61.4957,62.03,27.435
15,60.0071,62.5,27.85
16,61.5919,62.97,28.255
17,60.8088,63.11,28.55
18,61.5117,62.64,29.125
19,61.6742,62.75,29.335
20,62.5528,62.56,29.305
21,61.2042,62.13,29.14
22,61.1928,62.22,29.2925
23,61.7857,62.34,28.84
24,63.3799,62.07,28.83
25,65.1028,61.64,28.465
26,64.9271,61.67,28.415
27,64.5828,62.4,28.715
28,64.6756,62.43,28.525
29,65.9871,63.61,28.69
30,66.2256,63.29,28.345
31,65.8765,63.46,28.525
32,64.5828,63.56,28.455
33,63.2371,64.03,28.475
34,61.2728,63.7,28.435
35,61.3988,63.7,29.13
36,61.7128,62.8,28.85
37,61.1028,62.99,29.055
38,60.4571,62.67,28.9
39,60.8871,63.17,29.06
40,60.9971,63.64,28.705
41,62.2414,64.69,28.9
42,62.0471,64.63,29.2875
43,61.3999,63.87,29.545
44,59.9785,61.83,28.855
45,60.8914,62.96,29.28
46,57.5428,62.13,29.085
47,56.0071,61.15,28.86
48,55.7899,61.72,29.2025
49,56.9528,61.78,29.32
50,58.0185,61.75,29.695
51,57.9231,56.02,29.915
52,58.3399,56.39,30.25
53,59.6007,56.8,30.0
54,61.4457,57.44,30.29
55,63.2542,57.2,30.42
56,62.7557,56.37,30.07
57,63.6457,56.89,30.19
58,64.2828,57.29,30.935
59,65.8156,56.95,31.24
60,65.5225,56.79,31.095
61,66.2628,57.0,31.205
62,65.2528,56.78,31.18
63,64.7099,56.48,31.5485
64,64.9628,56.17,31.41
65,63.4085,56.89,31.76
66,61.2642,57.1,32.035
67,62.0825,57.53,31.775
68,61.8942,57.84,32.065
69,63.2757,58.25,31.915
70,62.8085,57.77,32.125
71,63.0505,57.3,32.075
72,63.1628,57.48,31.76
73,63.5928,57.81,31.68
74,63.0627,58.53,32.13
75,63.5642,58.32,31.815
76,64.5114,58.54,31.735
77,64.2478,57.96,31.57
78,64.3885,57.83,31.73
79,64.1871,57.41,31.665
80,63.5871,56.27,31.17
81,62.6371,56.92,31.51
82,63.1158,56.94,32.52
83,62.6985,56.61,33.055
84,62.5142,56.38,32.71
85,61.7414,56.26,32.225
86,62.2807,57.19,32.985
87,61.4357,56.93,32.8
88,61.7142,57.33,33.015
89,61.6814,57.35,33.5475
90,60.4285,56.78,33.205
91,59.5482,55.5,32.61
92,59.0714,55.82,32.345
93,57.5057,55.59,32.005
94,57.5185,56.35,32.37
95,56.8671,57.49,32.9
96,56.2542,57.84,32.845
97,56.6471,57.73,32.755
98,58.4599,57.98,33.12
99,59.7842,57.49,33.395
100,60.1142,57.26,33.65
101,59.6314,57.93,33.86
102,59.2928,57.86,34.145
103,60.3357,58.03,34.065
104,60.1042,58.43,34.05
105,61.0411,59.05,34.67
106,60.9299,59.54,34.86
107,61.0628,59.17,34.83
108,61.4564,59.32,34.76
109,61.4728,59.42,34.1
110,61.6797,59.36,34.24
111,60.7071,59.85,34.395
112,60.9014,59.87,34.51
113,59.8557,59.98,33.83
114,62.9299,56.04,33.305
115,62.6428,54.25,34.085
116,62.9985,54.26,36.68
117,63.9699,54.01,36.225
118,64.7599,54.35,35.965
119,64.6471,54.83,35.6445
120,65.2394,55.32,36.74
121,66.0771,56.02,37.115
122,67.0642,56.1,36.985
123,66.4642,56.4,36.4
124,66.4256,56.48,36.095
125,65.8585,57.13,36.47
126,64.9214,57.36,36.4
127,66.7656,57.44,36.465
128,69.9385,57.84,36.32
129,71.2142,57.71,35.925
130,71.1299,56.96,35.37
131,71.7614,57.15,35.355
132,72.5342,57.09,35.145
133,71.5814,57.05,35.33
134,71.7656,56.06,35.3565
135,71.8514,56.33,35.95
136,71.5742,56.74,35.985
137,71.8528,56.55,35.94
138,69.7985,56.12,35.08
139,70.1279,56.39,35.48
140,70.2428,56.19,35.59
141,69.6022,56.01,35.26
142,69.7971,56.28,35.8
143,71.2415,56.08,36.07
144,70.7528,56.17,36.025
145,71.1742,56.47,35.785
146,72.3099,57.59,36.22
147,70.6628,57.37,37.1075
148,66.8156,57.25,37.695
149,67.5271,57.5,37.835
150,66.4142,57.46,37.785
151,64.3028,57.81,37.62
152,65.0456,58.28,38.02
153,66.3828,59.26,38.665
154,67.4714,59.69,38.175
155,66.7728,60.39,38.06
156,70.0914,60.37,37.68
157,69.8714,59.99,38.275
158,68.7899,59.85,38.17
159,69.4599,59.87,38.59
160,68.9642,59.75,38.665
161,68.1071,59.38,38.485
162,69.7085,60.89,38.58
163,69.9371,60.7,38.595
164,69.0585,60.56,38.435
165,69.0042,61.14,38.7
166,69.6785,60.89,38.4305
167,68.7056,59.62,37.765
168,69.5125,59.39,37.63
169,69.9482,60.61,38.56
170,70.4016,60.52,38.91
171,70.8628,61.03,39.05
172,71.2399,60.49,38.355
173,71.5876,60.71,39.02
174,72.0714,60.92,39.3675
175,72.6985,60.81,39.655
176,74.4802,61.18,39.73
177,74.2667,60.43,40.45
178,74.9942,62.4,40.025
179,75.9871,62.51,39.525
180,75.1368,62.99,39.98
181,75.6965,62.44,39.355
182,73.8111,62.73,39.81
183,74.9851,62.25,40.415
184,74.6716,62.52,40.525
185,74.2899,62.39,40.185
186,75.2499,62.71,40.185
187,75.0641,62.68,40.995
188,74.4171,62.65,40.565
189,73.2131,62.49,39.535
190,74.3656,63.12,40.6
191,74.1496,63.51,40.495
192,74.2871,64.24,40.3075
193,74.3762,64.45,40.7305
194,75.4514,64.58,40.57
195,74.9986,65.57,40.595
196,74.0898,65.42,40.27
197,74.2214,64.61,39.96
198,73.5714,64.58,39.845
199,74.4479,65.41,40.765
200,74.2571,65.88,40.675
201,74.8199,65.79,40.355
202,76.1999,65.57,40.755
203,77.9942,65.5,40.81
204,79.4385,65.88,40.73
205,78.7471,65.66,40.535
206,80.9031,65.79,40.275
207,80.7142,64.93,39.75
208,81.1286,65.23,39.86
209,80.0028,66.18,39.97
210,80.9185,65.79,39.865
211,80.7928,65.41,38.69
212,80.1942,64.6,38.2
213,80.0771,64.86,38.24
214,79.2042,65.05,38.175
215,79.6428,65.36,38.23
216,79.2842,65.52,38.045
217,78.6813,66.16,38.84
218,77.7799,65.85,38.575
219,78.4314,65.61,38.83
220,81.4413,66.78,39.16
221,81.0956,67.1,39.285
222,80.5571,67.18,39.44
223,80.0128,67.33,39.285
224,79.2171,67.25,39.275
225,80.1456,67.5,39.195
226,79.0185,66.33,38.585
227,77.2828,66.2,38.475
228,77.7042,65.92,38.085
229,77.1481,66.19,38.605
230,77.6371,65.99,39.015
231,76.6455,66.5,38.8
232,76.1342,66.15,38.835
233,76.5328,65.49,37.56
234,78.0556,66.35,37.73
235,79.6228,65.62,38.095
236,79.1785,65.81,37.645
237,77.2385,66.1,37.45
238,78.4385,67.11,36.825
239,78.7871,64.51,36.8
240,79.4542,65.34,36.695
241,78.0099,64.42,37.49
242,78.6428,64.43,37.105
243,72.3571,64.34,36.945
244,71.5356,63.98,35.78
245,71.3974,64.91,35.955
246,71.5142,63.8,35.56
247,71.6471,62.72,34.485
248,72.6842,62.99,35.325
249,73.2271,62.89,35.245
250,73.2156,63.4,36.18
251,74.2399,64.6,37.0175
252,75.5699,65.08,37.4
253,76.5656,65.03,37.25
254,76.5599,65.78,36.955
255,77.7756,65.67,37.345
256,77.7128,65.61,37.515
257,77.9985,65.78,36.985
258,76.7671,64.93,36.66
259,75.8785,65.22,36.775
260,75.0356,65.02,36.28
261,75.3642,64.96,36.28
262,74.5799,65.1,35.275
263,73.9071,65.45,35.89
264,75.3814,65.9,36.095
265,75.1771,66.2,35.48
266,75.3942,65.98,35.235
267,75.8914,66.76,35.83
268,76.0514,66.33,35.65
269,75.8214,66.57,36.345
270,75.7771,66.64,36.535
271,75.8456,66.43,36.78
272,76.5842,66.08,37.515
273,76.6585,65.02,37.815
274,75.8071,64.21,37.215
275,74.9556,63.67,37.135
276,75.2485,65.08,37.09
277,75.9142,65.72,37.3
278,75.8942,65.7,37.955
279,75.5285,66.66,38.4775
280,76.1242,66.81,38.355
281,77.0271,66.05,37.885
282,77.8556,66.18,37.305
283,77.1114,65.16,36.77
284,76.7799,64.36,36.7
285,76.6942,64.3,36.85
286,76.6771,64.29,36.69
287,77.3785,64.91,37.005
288,77.5071,65.1,36.835
289,76.9699,65.09,36.545
290,75.9742,64.26,35.775
291,74.7814,64.43,35.215
292,74.7771,64.95,35.74
293,75.7599,65.26,36.24
294,74.7828,63.99,35.11
295,74.2299,63.39,34.365
296,74.5256,63.78,34.655
297,73.9942,63.37,34.445
298,74.1442,63.23,35.395
299,74.9914,63.15,35.075
300,75.8814,62.51,35.24
301,75.9569,63.27,35.5745
302,74.9642,63.29,35.195
303,81.1099,63.0,35.545
304,81.7056,62.5,35.725
305,84.8699,62.64,35.465
306,84.6185,63.43,35.32
307,84.2985,63.58,35.31
308,84.4971,62.65,35.56
309,84.6542,65.51,35.3
310,85.8513,66.15,35.46
311,84.9156,66.4,34.79
312,84.6185,67.14,34.87
313,83.9985,67.38,34.79
314,83.6488,67.26,35.145
315,84.6899,67.8,35.575
316,84.8228,67.75,35.58
317,84.8385,67.2,35.085
318,84.1171,66.34,34.925
319,85.3585,66.3,35.47
320,86.3699,66.88,35.51
321,86.3871,66.52,35.115
322,86.6156,66.89,35.2
323,86.7528,66.63,35.7
324,87.7328,67.0,35.99
325,89.3756,67.02,36.83
326,89.1442,66.93,36.635
327,90.7685,66.91,36.555
328,90.4285,67.42,36.62
329,89.8071,67.4,36.925
330,91.0771,66.86,37.09
331,92.1171,67.23,37.335
332,92.4785,67.17,37.36
333,92.2242,67.66,37.665
334,93.7,67.67,37.59
335,94.25,67.7,37.3
336,93.86,66.93,37.4
337,92.29,66.46,36.98
338,91.28,66.78,37.345
339,92.2,66.72,37.545
340,92.08,66.64,37.655
341,92.18,66.62,37.78
342,91.86,67.06,38.615
343,90.91,67.07,38.3
344,90.83,67.1,38.365
345,90.28,66.73,38.715
346,90.36,66.55,39.06
347,90.9,66.56,39.03
348,91.98,66.78,38.97
349,92.93,66.57,38.69
350,93.52,66.96,39.04
351,93.48,67.02,39.095
352,94.03,67.41,39.53
353,95.96799999999999,67.24,39.345
354,95.35,66.27,39.28
355,95.39,66.58,39.725
356,95.035,66.45,39.425
357,95.22,66.0,39.3
358,96.45,66.08,39.28
359,95.32,65.49,39.445
360,94.78,65.67,39.365
361,93.0899,64.94,38.62
362,94.43,65.49,38.97
363,93.939,65.74,38.805
364,94.72,66.05,39.37
365,97.19,65.77,39.57
366,97.03,65.61,40.225
367,97.671,65.0,39.37
368,99.02,65.21,39.18
369,98.38,64.74,39.325
370,98.15,64.83,39.45
371,95.6,63.68,38.84
372,96.13,64.11,38.49
373,95.59,64.11,38.765
374,95.12,61.39,38.395
375,94.96,61.21,38.565
376,94.48,61.25,38.355
377,94.74,62.19,38.81
378,95.99,61.73,38.935
379,95.97,61.64,38.91
380,97.24,62.03,38.62
381,97.5,61.52,38.31
382,97.98,61.0,38.455
383,99.16,60.81,38.795
384,100.53,61.37,39.06
385,100.57,61.64,39.015
386,100.58,61.7,38.735
387,101.32,61.23,38.64
388,101.54,61.02,38.985
389,100.889,60.3,38.895
390,102.13,59.68,38.96
391,102.25,59.37,38.905
392,102.5,59.4,38.905
393,103.3,59.01,38.74
394,98.94,58.94,38.395
395,98.12,58.98,38.58
396,98.97,58.89,38.975
397,98.36,61.02,38.835
398,97.99,61.08,38.56
399,101.0,61.22,38.605
400,101.43,61.22,38.06
401,101.66,61.54,37.735
402,101.63,61.42,37.46
403,100.86,61.69,37.545
404,101.58,61.91,37.67
405,101.79,62.04,37.865
406,100.96,61.88,38.035
407,101.06,61.68,37.3
408,102.64,61.57,36.9775
409,101.75,61.8,37.66
410,97.87,62.24,37.06
411,100.75,63.42,37.585
412,100.11,63.18,37.635
413,100.75,63.28,37.73
414,99.18,62.34,37.305
415,99.9,61.03,37.225
416,99.62,61.3,37.945
417,99.62,61.5,37.5725
418,98.75,60.47,37.025
419,100.8,61.58,37.63
420,101.02,60.46,37.24
421,100.73,59.05,37.23
422,99.81,58.5,36.095
423,98.75,58.73,36.37
424,97.54,59.32,36.19
425,96.26,59.18,36.32
426,97.67,60.79,36.77
427,99.76,61.25,37.35
428,102.47,62.39,37.18
429,102.99,61.63,37.3
430,104.83,62.25,37.42
431,105.22,62.57,37.905
432,105.11,62.8,37.985
433,106.74,64.06,38.525
434,107.34,63.94,38.27
435,106.98,63.7,38.66
436,108.0,64.5,37.78
437,109.4,64.68,38.05
438,108.6,66.76,38.355
439,108.86,64.46,38.33
440,108.7,63.42,38.725
441,109.01,64.14,38.895
442,108.83,63.94,38.825
443,109.7,63.55,38.865
444,111.25,63.7,38.925
445,112.82,64.43,38.945
446,114.18,65.25,39.06
447,113.99,65.4,38.915
448,115.47,66.0,38.785
449,114.67,65.94,38.91
450,116.31,65.66,39.1
451,116.47,65.27,39.88
452,118.625,65.81,40.26
453,117.6,65.6,40.105
454,119.0,65.56,39.85
455,118.93,65.72,40.605
456,115.07,65.44,40.425
457,114.63,65.51,40.185
458,115.93,65.32,40.235
459,115.49,65.2,40.655
460,115.0,65.0,41.785
461,112.4,65.27,41.9
462,114.12,65.29,41.515
463,111.95,63.52,41.33
464,111.62,63.29,41.56
465,109.73,62.31,41.625
466,108.225,61.91,40.445
467,106.745,61.73,39.565
468,109.41,63.99,40.2175
469,112.65,65.11,40.015
470,111.78,65.5,39.72
471,112.94,66.53,40.27
472,112.54,66.93,40.715
473,112.01,67.34,40.635
474,113.99,67.49,40.915
475,113.91,67.87,41.19
476,112.52,67.53,40.895
477,110.38,67.08,41.025
478,109.33,66.51,40.72
479,106.25,65.06,39.94
480,106.26,64.51,39.615
481,107.75,64.43,40.59
482,111.89,65.43,41.245
483,112.01,65.11,39.895
484,109.25,64.35,40.115
485,110.22,64.11,40.435
486,109.8,63.76,40.21
487,106.82,63.41,39.79
488,105.99,64.05,40.305
489,108.72,64.02,40.6125
490,109.55,64.31,40.645
491,112.4,65.36,41.37
492,112.98,65.48,44.11
493,113.1,65.71,44.06
494,109.14,64.94,44.17
495,115.31,63.84,43.7825
496,118.9,63.83,44.525
497,117.16,62.41,43.765
498,118.63,62.81,43.995
499,118.65,64.01,44.245
500,119.56,63.94,44.35
501,119.94,64.0,44.82
502,118.93,64.66,44.5
503,119.72,67.78,44.41
504,122.02,68.22,45.59
505,124.88,68.57,45.395
506,126.46,70.0,45.9125
507,127.08,69.91,45.79
508,127.83,69.79,46.015
509,128.715,69.12,46.5
510,128.45,69.03,46.585
511,129.495,69.83,46.755
512,133.0,68.63,46.79
513,132.17,68.53,46.725
514,128.79,68.02,47.13
515,130.415,68.47,47.275
516,128.46,67.94,46.7425
517,129.09,68.89,47.1125
518,129.36,68.14,47.0
519,128.54,67.64,46.53
520,126.41,67.93,46.815
521,126.6,66.82,46.1075
522,127.14,66.57,46.52
523,124.51,65.33,46.09
524,122.24,65.31,45.71
525,124.45,64.96,46.69
526,123.59,64.8,46.645
527,124.95,65.86,47.0225
528,127.04,65.32,47.1925
529,128.47,66.65,47.92
530,127.495,66.34,48.88
531,125.9,66.83,48.73
532,127.21,66.52,48.685
533,126.69,66.23,48.9575
534,123.38,65.35,47.885
535,124.24,65.42,47.54
536,123.25,65.38,47.535
537,126.37,66.39,47.99
538,124.43,66.67,47.35
539,124.25,66.67,46.51
540,125.32,62.51,47.195
541,127.35,61.48,47.26
542,126.01,61.99,47.035
543,125.6,62.42,47.615
544,126.56,62.32,47.96
545,127.1,62.53,48.17
546,126.85,61.97,48.5
547,126.3,61.91,48.3
548,126.78,61.82,48.14
549,126.17,61.86,48.245
550,124.75,60.68,47.62
551,127.6,61.16,47.97
552,126.91,61.43,48.37
553,128.62,61.59,48.335
554,129.67,60.84,49.43
555,130.28,60.57,51.84
556,132.65,60.98,50.87
557,130.56,60.69,50.61
558,128.64,59.74,50.65
559,125.15,59.75,49.58
560,128.95,60.28,50.29
561,128.7,60.68,50.445
562,125.8,58.59,49.405
563,125.01,58.75,48.93
564,125.26,60.01,49.35
565,127.62,60.59,49.78
566,126.32,59.8,49.5
567,125.865,59.42,49.71
568,126.01,59.25,49.59
569,128.95,59.79,50.555
570,128.77,59.3,50.8
571,130.19,60.12,51.18
572,130.07,59.8,51.42
573,130.06,59.8,51.03
574,131.39,59.79,51.33
575,132.54,59.66,51.48
576,129.62,59.11,50.84
577,132.045,59.06,51.59
578,131.78,59.63,51.81
579,130.28,59.0,51.96
580,130.535,59.65,52.22
581,129.96,59.19,51.73
582,130.12,59.48,52.12
583,129.36,58.8,51.72
584,128.65,58.61,52.19
585,127.8,58.08,51.53
586,127.42,57.9,51.54
587,128.88,58.49,52.69
588,128.59,58.55,52.49
589,127.17,57.65,52.63
590,126.92,57.95,52.27
591,127.6,58.18,52.965
592,127.3,57.97,53.24
593,127.88,58.39,54.11
594,126.6,58.05,53.93
595,127.61,59.22,53.9
596,127.03,59.12,54.115
597,128.11,58.29,53.71
598,127.5,58.35,54.07
599,126.75,58.38,54.62
600,124.53,57.14,53.55
601,125.425,57.34,53.615
602,126.6,57.6,53.89
603,126.44,57.51,54.24
604,126.0,57.22,54.305
605,125.69,57.49,54.375
606,122.57,56.79,53.39
607,120.07,56.94,54.05
608,123.28,57.48,54.57
609,125.66,58.43,55.7
610,125.61,58.6,55.75
611,126.82,58.89,55.34
612,128.51,59.29,55.74
613,129.62,58.85,55.69
614,132.07,59.4,56.21
615,130.75,59.57,56.2
616,125.22,59.35,56.69
617,125.16,58.85,56.56
618,124.5,59.5,57.29
619,122.77,58.71,56.98
620,123.38,59.11,57.14
621,122.99,59.58,57.51
622,122.37,59.86,58.06
623,121.3,60.16,57.93
624,118.44,59.76,58.19
625,114.64,60.22,58.7
626,115.4,64.04,59.01
627,115.13,63.8,57.23
628,115.52,64.19,57.2
629,119.72,63.99,56.27
630,113.49,63.35,56.35
631,115.24,64.6,56.38
632,115.15,64.34,56.85
633,115.96,64.98,57.1
634,117.16,65.27,57.74
635,116.5,65.77,57.83
636,115.01,65.35,57.59
637,112.65,63.89,55.81
638,105.76,62.45,52.84
639,103.12,60.79,50.34
640,103.74,60.44,51.09
641,109.69,63.14,53.96
642,112.92,64.29,55.95
643,113.29,64.55,55.63
644,112.76,64.82,54.71
645,107.72,63.85,53.5
646,112.34,64.72,55.26
647,110.37,65.11,54.69
648,109.27,66.31,54.28
649,112.31,69.61,55.21
650,110.15,68.3,54.69
651,112.57,69.09,55.37
652,114.21,67.08,56.53
653,115.31,66.84,56.29
654,116.28,67.15,56.91
655,116.41,67.47,57.26
656,113.92,67.03,57.28
657,113.45,67.09,56.84
658,115.21,67.05,57.54
659,113.4,66.58,57.12
660,114.32,67.8,57.79
661,115.0,67.91,58.37
662,114.71,69.2,57.99
663,112.44,67.93,55.77
664,109.06,67.45,55.72
665,110.3,68.38,56.84
666,109.58,67.76,57.48
667,110.38,68.4,58.08
668,110.78,69.75,59.04
669,111.31,69.19,58.69
670,110.78,69.79,58.78
671,109.5,69.5,59.46
672,112.12,68.78,60.07
673,111.6,69.43,60.54
674,111.79,69.04,60.16
675,110.21,68.7,58.82
676,111.86,69.27,59.69
677,111.04,69.26,59.93
678,111.73,69.03,60.97
679,113.77,69.48,60.88
680,113.76,69.47,60.53
681,115.5,70.48,61.49
682,119.08,70.48,62.61
683,115.28,70.05,63.43
684,114.55,69.96,62.71
685,119.27,70.37,63.51
686,120.53,70.13,62.5
687,119.5,69.97,62.57
688,121.18,70.73,62.24
689,122.57,71.36,62.8
690,122.0,65.24,61.96
691,120.92,67.4,62.28
692,121.06,68.01,61.97
693,120.57,68.2,61.34
694,116.77,68.34,62.18
695,116.11,70.02,61.87
696,115.72,69.44,61.07
697,112.34,69.03,59.74
698,114.175,70.02,60.68
699,113.69,71.05,60.55
700,117.29,71.98,61.8
701,118.78,72.45,61.46
702,119.3,72.19,61.99
703,117.75,72.24,62.64
704,118.88,71.96,61.96
705,118.03,71.83,62.19
706,117.81,72.02,62.18
707,118.3,71.78,61.39
708,117.34,72.05,61.37
709,116.28,71.89,61.22
710,115.2,71.08,59.55
711,119.03,72.11,61.75
712,118.28,70.38,61.89
713,118.23,69.75,62.16
714,115.62,69.31,61.18
715,116.17,69.37,61.87
716,113.18,68.61,59.82
717,112.48,68.14,59.92
718,110.49,69.13,59.98
719,111.34,69.52,60.35
720,108.98,68.56,59.515
721,106.03,67.58,58.62
722,107.33,68.03,59.54
723,107.23,68.87,59.99
724,108.61,69.21,60.34
725,108.03,69.06,60.32
726,106.82,69.18,60.19
727,108.74,69.64,61.13
728,107.32,69.3,60.82
729,105.26,68.45,60.03
730,105.35,67.13,58.26
731,102.71,66.39,58.65
732,100.7,65.43,58.13
733,96.45,64.11,56.69
734,96.96,64.25,56.63
735,98.53,64.37,57.82
736,99.96,64.91,59.46
737,97.39,63.37,57.87
738,99.52,63.11,58.98
739,97.13,61.59,58.0
740,96.66,61.13,58.55
741,96.79,60.36,56.92
742,96.3,60.82,59.03
743,101.42,62.04,59.17
744,99.44,62.42,57.71
745,99.99,63.16,58.61
746,93.42,64.8,57.63
747,94.09,64.74,59.285
748,97.34,66.77,60.77
749,96.43,66.85,61.4
750,94.48,64.32,60.695
751,96.35,64.88,59.53
752,96.6,64.25,58.29
753,94.02,62.82,54.49
754,95.01,62.09,54.14
755,94.99,62.24,54.42
756,94.27,60.97,55.14
757,93.7,60.52,54.92
758,93.99,61.78,55.86
759,96.64,63.42,56.41
760,98.12,65.05,57.63
761,96.26,64.78,56.96
762,96.04,66.0,57.67
763,96.88,66.75,58.87
764,94.69,70.78,58.46
765,96.1,72.84,58.11
766,96.76,74.06,58.75
767,96.91,74.86,58.34
768,96.69,73.49,58.21
769,100.53,71.19,60.04
770,100.75,71.28,59.56
771,101.5,71.25,59.04
772,103.01,70.95,58.7
773,101.87,71.01,58.0
774,101.03,71.1,57.6
775,101.12,71.48,57.07
776,101.17,71.22,57.52
777,102.26,71.2,57.59
778,102.52,71.83,58.65
779,104.58,71.97,59.08
780,105.97,72.24,59.67
781,105.8,72.83,59.55
782,105.92,72.59,59.7
783,105.91,73.12,59.1
784,106.72,73.71,59.38
785,106.13,73.15,58.83
786,105.67,72.59,58.36
787,105.19,73.37,58.96
788,107.68,74.09,59.55
789,109.56,74.89,60.01
790,108.99,75.7,59.7
791,109.99,76.11,61.02
792,111.12,76.32,60.25
793,109.81,75.71,60.04
794,110.96,76.09,60.83
795,108.54,74.99,61.17
796,108.66,75.24,61.04
797,109.02,74.88,60.9
798,110.44,75.04,59.5
799,112.04,75.37,60.21
800,112.1,75.31,60.13
801,109.85,75.64,60.51
802,107.48,75.69,60.89
803,106.91,75.97,60.9
804,107.13,75.55,60.9
805,105.97,74.99,60.64
806,105.68,75.56,57.68
807,105.08,75.51,57.77
808,104.35,75.9,57.72
809,97.82,76.04,56.9
810,94.83,75.34,56.42
811,93.74,75.19,56.23
812,93.64,76.0,57.36
813,95.18,74.96,56.25
814,94.19,74.22,56.39
815,93.24,74.25,56.25
816,92.72,70.54,56.31
817,92.79,70.82,56.64
818,93.42,71.05,57.49
819,92.51,70.07,56.23
820,90.34,71.11,56.3
821,90.52,70.62,55.82
822,93.88,70.83,55.53
823,93.49,69.89,54.88
824,94.56,69.46,54.8
825,94.2,68.72,54.55
826,95.22,68.75,54.62
827,96.43,68.78,54.6
828,97.9,69.68,55.44
829,99.62,69.35,55.15
830,100.41,69.4,55.29
831,100.35,69.5,55.15
832,99.86,69.27,54.89
833,98.46,69.06,54.82
834,97.72,68.8,54.62
835,97.92,68.47,54.61
836,98.63,68.77,55.59
837,99.03,68.16,55.3
838,98.94,69.05,55.22
839,99.65,68.56,55.58
840,98.83,67.45,54.865
841,97.34,66.82,55.04
842,97.46,67.24,55.57
843,97.14,67.54,55.35
844,97.55,67.8,55.53
845,95.33,67.33,55.31
846,95.1,68.35,55.38
847,95.91,67.81,55.81
848,95.55,67.43,55.61
849,96.1,68.01,56.13
850,93.4,64.73,54.68
851,92.04,63.08,53.69
852,93.59,63.69,54.85
853,94.4,64.55,56.74
854,95.6,65.97,57.12
855,95.89,66.01,56.99
856,94.99,64.77,56.77
857,95.53,65.3,56.75
858,95.94,65.05,56.91
859,96.68,66.38,56.51
860,96.98,66.62,56.32
861,97.42,67.4,57.48
862,96.87,67.46,56.48
863,98.79,67.58,57.59
864,98.78,67.4,57.41
865,99.83,67.55,56.92
866,99.87,67.5,56.76
867,99.96,67.93,57.54
868,99.43,67.55,57.6
869,98.66,68.25,57.9
870,97.34,68.09,57.95
871,96.67,68.42,58.31
872,102.95,69.26,57.85
873,104.34,69.58,58.21
874,104.21,69.38,58.05
875,106.05,69.63,57.63
876,104.48,68.84,56.73
877,105.79,69.29,55.94
878,105.87,70.24,55.42
879,107.48,73.5,55.9
880,108.37,73.93,55.36
881,108.81,74.28,55.2
882,108.0,74.28,55.62
883,107.93,75.52,55.47
884,108.18,74.54,55.47
885,109.48,75.44,55.25
886,109.38,75.58,55.37
887,109.22,75.68,55.8
888,109.08,75.99,55.53
889,109.36,76.34,54.94
890,108.51,76.49,55.85
891,108.85,76.99,56.4
892,108.03,77.12,57.09
893,107.57,77.18,57.29
894,106.94,77.2,57.29
895,106.82,77.29,56.8
896,106.0,77.51,56.4
897,106.1,76.99,56.23
898,106.73,76.8,56.31
899,107.73,77.95,56.18
900,107.7,78.32,56.02
901,108.36,78.08,56.32
902,105.52,77.37,55.3
903,103.13,76.65,54.35
904,105.44,77.23,54.71
905,107.95,76.09,53.98
906,111.77,75.47,53.9
907,115.57,76.04,54.11
908,114.92,75.63,53.74
909,113.58,75.76,53.01
910,113.57,75.21,53.3
911,113.55,75.73,53.98
912,114.62,76.19,54.39
913,112.71,76.11,54.43
914,112.88,75.95,54.04
915,113.09,76.32,54.19
916,113.95,76.79,53.98
917,112.18,77.21,53.45
918,113.05,76.28,54.14
919,112.52,75.25,53.84
920,113.0,74.42,53.53
921,113.05,74.35,53.35
922,113.89,74.64,53.14
923,114.06,74.48,53.46
924,116.05,74.67,53.3
925,116.3,73.5,52.92
926,117.34,73.76,53.16
927,116.98,73.06,52.95
928,117.63,73.58,53.08
929,117.55,73.13,52.76
930,117.47,73.8,52.61
931,117.12,73.8,53.15
932,117.06,73.57,53.59
933,116.6,73.62,53.63
934,117.65,74.49,54.18
935,118.25,74.16,53.67
936,115.59,73.58,53.63
937,114.48,73.48,53.59
938,113.72,72.83,53.53
939,113.54,72.58,53.07
940,111.49,72.32,52.5
941,111.59,71.57,52.98
942,109.83,71.29,51.77
943,108.84,75.9,52.75
944,110.41,77.71,54.49
945,111.06,78.56,54.62
946,110.88,78.96,54.58
947,107.79,79.19,53.57
948,108.43,80.38,53.93
949,105.71,80.6,54.22
950,107.11,81.8,54.59
951,109.99,80.51,55.44
952,109.95,80.35,55.85
953,110.06,79.98,55.77
954,111.73,79.83,56.1
955,111.8,80.31,57.12
956,111.23,80.26,57.59
957,111.79,80.98,57.43
958,111.57,80.86,57.59
959,111.46,81.11,58.17
960,110.52,80.25,57.97
961,109.49,79.19,58.51
962,109.9,79.5,57.21
963,109.11,80.92,57.5
964,109.95,82.22,57.44
965,111.03,83.27,58.76
966,112.12,83.3,58.65
967,113.95,82.79,58.75
968,113.3,82.6,58.77
969,115.19,83.24,59.31
970,115.19,82.9,58.75
971,115.82,83.46,57.71
972,115.97,83.4,57.66
973,116.64,83.93,57.65
974,116.95,83.76,57.7
975,117.06,84.0,57.44
976,116.29,83.72,57.11
977,116.52,83.41,57.01
978,117.26,83.52,56.86
979,116.76,82.86,56.35
980,116.73,82.87,56.32
981,115.82,82.89,55.52
982,116.15,83.6,55.35
983,116.02,83.49,55.99
984,116.61,82.64,56.46
985,117.91,82.89,57.13
986,118.99,83.02,58.2
987,119.11,82.63,57.88
988,119.75,82.88,58.1
989,119.25,82.18,58.03
990,119.04,82.27,57.85
991,120.0,80.73,58.0
992,119.99,81.65,58.45
993,119.78,81.86,57.89
994,120.0,82.36,57.66
995,120.08,82.44,57.76
996,119.97,84.35,58.44
997,121.88,85.29,58.7
998,121.94,83.36,58.46
999,121.95,82.98,56.12
1000,121.63,81.7,55.9
1001,121.35,80.71,55.22
1002,128.75,80.03,53.9
1003,128.53,81.0,53.87
1004,129.08,81.6,55.06
1005,130.29,81.73,55.73
1006,131.53,77.34,55.24
1007,132.04,78.25,55.22
1008,132.42,77.81,55.81
1009,132.12,78.37,56.22
1010,133.29,78.48,56.11
1011,135.02,78.68,56.58
1012,135.51,79.4,56.86
1013,135.345,78.66,56.73
1014,135.72,79.31,57.35
1015,136.7,80.15,57.54
1016,137.11,79.65,57.57
1017,136.53,79.36,57.64
1018,136.66,80.27,57.48
1019,136.93,79.28,56.78
1020,136.99,78.97,56.87
1021,139.79,79.98,57.14
1022,138.96,80.02,57.12
1023,139.78,80.55,57.1
1024,139.34,79.97,56.68
1025,139.52,79.66,56.2
1026,139.0,80.2,55.74
1027,138.68,81.37,55.19
1028,139.14,82.1,54.53
1029,139.2,81.65,54.63
1030,138.99,83.36,54.27
1031,140.46,85.24,54.54
1032,140.69,85.15,54.8
1033,139.99,84.72,55.78
1034,141.46,84.3,55.81
1035,139.84,83.76,55.54
1036,141.42,83.59,55.89
1037,140.92,83.74,55.85
1038,140.64,83.67,56.81
1039,140.88,84.0,57.23
1040,143.8,84.0,57.35
1041,144.12,84.13,57.54
1042,143.93,84.87,58.16
1043,143.66,86.22,58.39
1044,143.7,84.83,58.44
1045,144.77,84.52,58.32
1046,144.02,83.83,58.22
1047,143.66,84.2,57.92
1048,143.34,84.25,58.02
1049,143.17,83.71,57.95
1050,141.63,83.45,57.88
1051,141.8,82.84,57.58
1052,141.05,82.34,57.51
1053,141.83,83.08,58.08
1054,141.2,82.64,58.35
1055,140.68,83.37,59.04
1056,142.44,84.1,60.08
1057,142.27,83.72,60.61
1058,143.64,84.72,61.11
1059,144.53,85.39,60.96
1060,143.68,85.38,61.56
1061,143.79,86.07,61.3
1062,143.65,85.97,60.06
1063,146.58,86.16,60.18
1064,147.51,85.92,60.5
1065,147.06,86.37,60.59
1066,146.53,86.1,60.83
1067,148.96,84.44,60.95
1068,153.01,83.59,60.94
1069,153.99,84.77,60.98
1070,153.26,85.77,60.66
1071,153.95,85.36,60.27
1072,156.1,84.21,59.93
1073,155.7,84.48,60.45
1074,155.47,83.7,59.98
1075,150.25,81.85,59.73
1076,152.54,80.83,59.82
1077,153.06,80.83,61.36
1078,153.99,82.93,61.23
1079,153.8,82.11,61.15
1080,153.34,82.22,61.89
1081,153.87,82.27,62.9
1082,153.61,81.86,63.3
1083,153.67,82.83,63.26
1084,152.76,83.57,63.61
1085,153.18,85.64,63.75
1086,155.45,86.62,64.57
1087,153.93,87.31,64.27
1088,154.45,87.46,64.16
1089,155.37,86.18,63.5
1090,154.99,86.65,62.24
1091,148.98,86.17,62.19
1092,145.42,86.11,61.29
1093,146.59,86.04,60.92
1094,145.16,84.87,60.27
1095,144.29,84.45,60.09
1096,142.27,84.72,60.14
1097,146.34,86.2,60.9
1098,145.01,85.74,59.86
1099,145.87,86.24,59.96
1100,145.63,87.36,59.51
1101,146.28,88.64,59.81
1102,145.82,88.42,59.64
1103,143.73,87.72,58.96
1104,145.83,88.13,59.18
1105,143.68,86.8,58.36
1106,144.02,86.74,58.31
1107,143.5,86.68,58.25
1108,144.09,86.83,57.94
1109,142.73,85.96,57.6
1110,144.18,87.31,58.04
1111,145.06,87.23,57.81
1112,145.53,87.65,57.9
1113,145.74,88.65,58.54
1114,147.77,88.33,58.38
1115,149.04,88.61,58.76
1116,149.56,88.28,58.33
1117,150.08,88.45,58.21
1118,151.02,89.78,58.11
1119,150.34,89.96,58.03
1120,150.27,90.52,57.98
1121,152.09,90.67,58.02
1122,152.74,91.39,58.55
1123,153.46,91.84,57.94
1124,150.56,92.21,59.5
1125,149.5,91.01,54.0
1126,148.73,90.68,53.98
1127,158.59,90.43,54.73
1128,157.14,90.43,55.43
1129,155.57,90.4,55.68
1130,156.39,90.37,55.44
1131,158.81,89.2,55.63
1132,160.08,88.58,54.52
1133,161.06,88.51,53.74
1134,155.32,86.99,53.07
1135,157.48,87.48,53.18
1136,159.85,88.6,53.22
1137,161.6,87.92,53.15
1138,160.95,88.19,53.5
1139,157.86,87.13,53.04
1140,157.5,87.37,52.7
1141,157.21,87.2,53.15
1142,159.78,86.41,54.45
1143,159.98,86.21,54.08
1144,159.27,86.51,53.94
1145,159.86,86.88,54.36
1146,161.47,87.3,54.4
1147,162.91,86.94,54.1
1148,163.35,87.66,54.52
1149,164.0,88.12,54.86
1150,164.05,87.87,54.93
1151,162.08,86.66,55.13
1152,161.91,85.72,54.31
1153,161.26,86.35,53.47
1154,158.63,85.12,53.49
1155,161.5,87.01,54.02
1156,160.86,87.74,53.54
1157,159.65,85.97,54.29
1158,158.28,84.58,54.53
1159,159.88,85.48,54.67
1160,158.67,85.48,54.69
1161,158.73,85.84,54.62
1162,156.07,85.65,55.15
1163,153.39,84.99,55.01
1164,151.89,84.29,55.09
1165,150.55,83.5,54.95
1166,153.14,83.02,55.13
1167,154.23,84.1,54.99
1168,153.28,83.69,54.5
1169,154.12,84.87,53.71
1170,153.81,85.84,53.81
1171,154.48,85.69,53.99
1172,153.48,85.64,53.93
1173,155.39,86.0,54.6
1174,155.3,89.44,55.17
1175,155.84,89.1,55.02
1176,155.9,89.08,55.42
1177,156.55,89.26,55.64
1178,156.0,89.8,55.97
1179,156.99,89.93,55.72
1180,159.88,89.36,54.91
1181,160.47,88.88,54.51
1182,159.76,89.09,55.21
1183,155.98,89.65,55.4
1184,156.25,90.0,54.57
1185,156.17,89.94,54.27
1186,157.1,90.23,54.28
1187,156.41,90.04,54.16
1188,157.41,90.28,54.91
1189,163.05,91.19,54.88
1190,166.72,90.37,55.17
1191,169.04,90.54,54.84
1192,166.89,90.56,55.13
1193,168.11,90.02,54.87
1194,172.5,94.25,56.03
1195,174.25,92.43,56.57
1196,174.81,92.11,57.22
1197,176.24,92.66,57.91
1198,175.88,91.61,57.36
1199,174.67,91.07,57.04
1200,173.97,91.37,56.64
1201,171.34,91.02,56.93
1202,169.08,90.39,56.7
1203,171.1,90.97,57.24
1204,170.15,90.95,56.93
1205,169.98,92.33,56.81
1206,173.14,92.45,57.26
1207,174.96,91.83,57.14
1208,174.97,92.36,56.8
1209,174.09,92.88,55.91
1210,173.07,94.53,56.66
1211,169.48,94.17,57.51
1212,171.85,94.11,57.82
1213,171.05,93.03,57.32
1214,169.8,93.63,58.76
1215,169.64,90.66,59.34
1216,169.01,91.29,59.28
1217,169.32,92.8,59.14
1218,169.37,92.52,58.61
1219,172.67,92.33,59.07
1220,171.7,93.37,59.27
1221,172.27,93.94,59.49
1222,172.22,92.2,59.7
1223,173.97,93.15,58.29
1224,176.42,94.49,58.03
1225,174.54,93.28,58.01
1226,174.35,92.1,57.73
1227,175.01,91.62,57.58
1228,175.01,90.76,57.3
1229,170.57,90.67,57.14
1230,170.6,90.8,57.27
1231,171.08,90.57,57.81
1232,169.23,90.34,57.43
1233,172.26,90.55,57.63
1234,172.23,89.91,58.71
1235,173.03,90.66,58.93
1236,175.0,91.88,59.61
1237,174.35,92.82,59.31
1238,174.33,92.12,59.18
1239,174.29,92.38,59.82
1240,175.28,93.55,60.0
1241,177.09,96.57,60.4
1242,176.19,95.86,60.56
1243,179.1,97.28,60.66
1244,179.26,97.5,61.09
1245,178.46,97.8,61.26
1246,177.0,97.33,61.41
1247,177.04,96.76,61.69
1248,174.22,95.84,60.83
1249,171.11,97.68,60.55
1250,171.51,99.0,57.99
1251,167.96,99.18,57.02
1252,166.97,99.8,57.19
1253,167.43,99.46,56.81
1254,167.78,99.12,56.0
1255,160.5,103.87,55.77
1256,156.49,101.06,54.69
1257,163.03,102.76,55.61
1258,159.54,102.63,54.46
